,year,population
0,2023,41036.06097184807
1,2024,38792.62222939086
2,2025,43202.22708796206
3,2026,42571.39429618969
4,2027,42914.43858554475
